FIPS,ZONE_CODE,AREA
17031010100,1,53603.00000000000
17031010201,2,142955.00000000000
17031010202,3,71711.00000000000
17031010300,4,124167.00000000000
17031010400,5,117198.00000000000
17031010501,6,42702.00000000000
17031010502,7,36335.00000000000
17031010503,8,36728.00000000000
17031010600,9,141037.00000000000
17031010701,10,179626.00000000000
17031010702,11,57754.00000000000
17031020100,12,95590.00000000000
17031020200,13,347969.00000000000
17031020301,14,189989.00000000000
17031020302,15,186589.00000000000
17031020400,16,187187.00000000000
17031020500,17,220757.00000000000
17031020601,18,149736.00000000000
17031020602,19,124451.00000000000
17031020701,20,181518.00000000000
17031020702,21,155837.00000000000
17031020801,22,142477.00000000000
17031020802,23,147095.00000000000
17031020901,24,75055.00000000000
17031020902,25,92814.00000000000
17031030101,26,16240.00000000000
17031030102,27,7539.00000000000
17031030103,28,10750.00000000000
17031030104,29,9309.00000000000
17031030200,30,164503.00000000000
17031030300,31,85215.00000000000
17031030400,32,74334.00000000000
17031030500,33,137889.00000000000
17031030601,34,15945.00000000000
17031030603,35,13362.00000000000
17031030604,36,17766.00000000000
17031030701,37,6409.00000000000
17031030702,38,305.00000000000
17031030703,39,24788.00000000000
17031030706,40,61574.00000000000
17031030800,41,155415.00000000000
17031030900,42,83561.00000000000
17031031000,43,83952.00000000000
17031031100,44,109057.00000000000
17031031200,45,25286.00000000000
17031031300,46,135644.00000000000
17031031400,47,274768.00000000000
17031031501,48,17646.00000000000
17031031502,49,16265.00000000000
17031031700,50,106018.00000000000
17031031800,51,42076.00000000000
17031031900,52,56822.00000000000
17031032100,53,66226.00000000000
17031040100,54,703966.00000000000
17031040201,55,131723.00000000000
17031040202,56,110113.00000000000
17031040300,57,268566.00000000000
17031040401,58,95340.00000000000
17031040402,59,137627.00000000000
17031040600,60,80244.00000000000
17031040700,61,91145.00000000000
17031040800,62,62930.00000000000
17031040900,63,99343.00000000000
17031050100,64,57953.00000000000
17031050200,65,157228.00000000000
17031050300,66,92041.00000000000
17031050500,67,164700.00000000000
17031050600,68,73878.00000000000
17031050700,69,49666.00000000000
17031050800,70,42460.00000000000
17031050900,71,37479.00000000000
17031051000,72,35941.00000000000
17031051100,73,43194.00000000000
17031051200,74,46522.00000000000
17031051300,75,82744.00000000000
17031051400,76,100063.00000000000
17031060100,77,99811.00000000000
17031060200,78,83718.00000000000
17031060300,79,88602.00000000000
17031060400,80,77811.00000000000
17031060500,81,76546.00000000000
17031060800,82,31579.00000000000
17031060900,83,104992.00000000000
17031061000,84,25991.00000000000
17031061100,85,19224.00000000000
17031061200,86,30045.00000000000
17031061500,87,32855.00000000000
17031061800,88,14629.00000000000
17031061901,89,30890.00000000000
17031061902,90,59344.00000000000
17031062000,91,43408.00000000000
17031062100,92,27143.00000000000
17031062200,93,44339.00000000000
17031062300,94,32349.00000000000
17031062400,95,35188.00000000000
17031062500,96,27938.00000000000
17031062600,97,46745.00000000000
17031062700,98,59724.00000000000
17031062800,99,64843.00000000000
17031062900,100,85216.00000000000
17031063000,101,44690.00000000000
17031063100,102,23254.00000000000
17031063200,103,74737.00000000000
17031063301,104,15390.00000000000
17031063302,105,19993.00000000000
17031063303,106,60052.00000000000
17031063400,107,18484.00000000000
17031070101,108,160928.00000000000
17031070102,109,13774.00000000000
17031070103,110,14401.00000000000
17031070200,111,67123.00000000000
17031070300,112,65622.00000000000
17031070400,113,79003.00000000000
17031070500,114,65588.00000000000
17031070600,115,67154.00000000000
17031070700,116,74982.00000000000
17031071000,117,73951.00000000000
17031071100,118,92126.00000000000
17031071200,119,82976.00000000000
17031071300,120,86850.00000000000
17031071400,121,186268.00000000000
17031071500,122,207655.00000000000
17031071600,123,51114.00000000000
17031071700,124,47925.00000000000
17031071800,125,81625.00000000000
17031080100,126,47019.00000000000
17031080201,127,27185.00000000000
17031080202,128,26739.00000000000
17031080300,129,51748.00000000000
17031080400,130,45183.00000000000
17031081000,131,53559.00000000000
17031081100,132,7918.00000000000
17031081201,133,12052.00000000000
17031081202,134,36174.00000000000
17031081300,135,25235.00000000000
17031081401,136,24502.00000000000
17031081402,137,60742.00000000000
17031081403,138,15298.00000000000
17031081500,139,12447.00000000000
17031081600,140,4755.00000000000
17031081700,141,14671.00000000000
17031081800,142,25269.00000000000
17031081900,143,19197.00000000000
17031090100,144,211076.00000000000
17031090200,145,475594.00000000000
17031090300,146,134913.00000000000
17031100100,147,273167.00000000000
17031100200,148,678346.00000000000
17031100300,149,791026.00000000000
17031100400,150,234046.00000000000
17031100500,151,414655.00000000000
17031100600,152,266268.00000000000
17031100700,153,264277.00000000000
17031110100,154,630805.00000000000
17031110200,155,85254.00000000000
17031110300,156,224494.00000000000
17031110400,157,185384.00000000000
17031110501,158,189555.00000000000
17031110502,159,121723.00000000000
17031120100,160,1765443.00000000000
17031120200,161,1128492.00000000000
17031120300,162,710980.00000000000
17031120400,163,411463.00000000000
17031130100,164,685081.00000000000
17031130200,165,860265.00000000000
17031130300,166,220749.00000000000
17031140100,167,67178.00000000000
17031140200,168,81456.00000000000
17031140301,169,35770.00000000000
17031140302,170,126664.00000000000
17031140400,171,272113.00000000000
17031140500,172,94486.00000000000
17031140601,173,69324.00000000000
17031140602,174,93523.00000000000
17031140701,175,32005.00000000000
17031140702,176,104712.00000000000
17031140800,177,210373.00000000000
17031150200,178,307785.00000000000
17031150300,179,323301.00000000000
17031150401,180,153100.00000000000
17031150402,181,126128.00000000000
17031150501,182,165506.00000000000
17031150502,183,157999.00000000000
17031150600,184,178371.00000000000
17031150700,185,133468.00000000000
17031150800,186,124105.00000000000
17031151001,187,61398.00000000000
17031151002,188,100666.00000000000
17031151100,189,111965.00000000000
17031151200,190,87327.00000000000
17031160100,191,170275.00000000000
17031160200,192,203413.00000000000
17031160300,193,109527.00000000000
17031160400,194,193251.00000000000
17031160501,195,79848.00000000000
17031160502,196,76618.00000000000
17031160601,197,76225.00000000000
17031160602,198,164949.00000000000
17031160700,199,182796.00000000000
17031160800,200,134116.00000000000
17031160900,201,197997.00000000000
17031161000,202,118828.00000000000
17031161100,203,163979.00000000000
17031161200,204,98309.00000000000
17031161300,205,96456.00000000000
17031170100,206,126224.00000000000
17031170200,207,142122.00000000000
17031170300,208,322362.00000000000
17031170400,209,147421.00000000000
17031170500,210,349567.00000000000
17031170600,211,133602.00000000000
17031170700,212,109637.00000000000
17031170800,213,148892.00000000000
17031170900,214,68748.00000000000
17031171000,215,313781.00000000000
17031171100,216,119381.00000000000
17031180100,217,222822.00000000000
17031190100,218,46083.00000000000
17031190200,219,110160.00000000000
17031190300,220,100146.00000000000
17031190401,221,92300.00000000000
17031190402,222,103930.00000000000
17031190601,223,163117.00000000000
17031190602,224,115817.00000000000
17031190701,225,40014.00000000000
17031190702,226,69225.00000000000
17031190800,227,99144.00000000000
17031190900,228,55641.00000000000
17031191000,229,51492.00000000000
17031191100,230,154761.00000000000
17031191200,231,68784.00000000000
17031191301,232,96655.00000000000
17031191302,233,79494.00000000000
17031200100,234,110888.00000000000
17031200200,235,142498.00000000000
17031200300,236,38835.00000000000
17031200401,237,75340.00000000000
17031200402,238,60801.00000000000
17031210100,239,111252.00000000000
17031210400,240,47475.00000000000
17031210501,241,49038.00000000000
17031210502,242,57436.00000000000
17031210601,243,50021.00000000000
17031210602,244,52887.00000000000
17031210700,245,85475.00000000000
17031210800,246,23522.00000000000
17031210900,247,72768.00000000000
17031220300,248,80218.00000000000
17031220400,249,77889.00000000000
17031220500,250,68756.00000000000
17031220601,251,39546.00000000000
17031220602,252,92327.00000000000
17031220701,253,43943.00000000000
17031220702,254,89614.00000000000
17031220901,255,48647.00000000000
17031220902,256,55202.00000000000
17031221000,257,39340.00000000000
17031221100,258,98285.00000000000
17031221200,259,92386.00000000000
17031221300,260,71960.00000000000
17031221400,261,59433.00000000000
17031221500,262,76111.00000000000
17031221600,263,76687.00000000000
17031222200,264,47406.00000000000
17031222500,265,35536.00000000000
17031222600,266,42256.00000000000
17031222700,267,51614.00000000000
17031222800,268,22397.00000000000
17031222900,269,31842.00000000000
17031230100,270,36950.00000000000
17031230200,271,40514.00000000000
17031230300,272,25631.00000000000
17031230400,273,49197.00000000000
17031230500,274,63612.00000000000
17031230600,275,108552.00000000000
17031230700,276,124168.00000000000
17031230800,277,26979.00000000000
17031230900,278,67639.00000000000
17031231100,279,36358.00000000000
17031231200,280,175106.00000000000
17031231500,281,271476.00000000000
17031240200,282,30926.00000000000
17031240300,283,30162.00000000000
17031240500,284,40477.00000000000
17031240600,285,28834.00000000000
17031240700,286,30490.00000000000
17031240800,287,35315.00000000000
17031240900,288,286230.00000000000
17031241000,289,32390.00000000000
17031241100,290,72935.00000000000
17031241200,291,62750.00000000000
17031241300,292,51337.00000000000
17031241400,293,106512.00000000000
17031241500,294,23793.00000000000
17031241600,295,21490.00000000000
17031242000,296,25679.00000000000
17031242100,297,34491.00000000000
17031242200,298,60595.00000000000
17031242300,299,65108.00000000000
17031242400,300,51712.00000000000
17031242500,301,47646.00000000000
17031242600,302,79403.00000000000
17031242700,303,28944.00000000000
17031242800,304,52024.00000000000
17031242900,305,44886.00000000000
17031243000,306,34613.00000000000
17031243100,307,36848.00000000000
17031243200,308,37941.00000000000
17031243300,309,26850.00000000000
17031243400,310,24871.00000000000
17031243500,311,49752.00000000000
17031250200,312,88892.00000000000
17031250300,313,121147.00000000000
17031250400,314,234898.00000000000
17031250500,315,477961.00000000000
17031250600,316,124635.00000000000
17031250700,317,136177.00000000000
17031250800,318,115638.00000000000
17031251000,319,53742.00000000000
17031251100,320,117969.00000000000
17031251200,321,203881.00000000000
17031251300,322,179511.00000000000
17031251400,323,192544.00000000000
17031251500,324,219002.00000000000
17031251600,325,148602.00000000000
17031251700,326,105294.00000000000
17031251800,327,171855.00000000000
17031251900,328,147089.00000000000
17031252000,329,155214.00000000000
17031252101,330,245657.00000000000
17031252102,331,123316.00000000000
17031252201,332,83624.00000000000
17031252202,333,119859.00000000000
17031260100,334,37789.00000000000
17031260200,335,51237.00000000000
17031260300,336,60957.00000000000
17031260400,337,44874.00000000000
17031260500,338,58126.00000000000
17031260600,339,63310.00000000000
17031260700,340,72805.00000000000
17031260800,341,50791.00000000000
17031260900,342,45340.00000000000
17031261000,343,105648.00000000000
17031270500,344,161655.00000000000
17031271200,345,50001.00000000000
17031271300,346,38043.00000000000
17031271400,347,44160.00000000000
17031271500,348,31129.00000000000
17031271800,349,45112.00000000000
17031280100,350,16327.00000000000
17031280400,351,24315.00000000000
17031280800,352,25950.00000000000
17031280900,353,12984.00000000000
17031281900,354,18743.00000000000
17031282700,355,33235.00000000000
17031282800,356,26872.00000000000
17031283100,357,51083.00000000000
17031283200,358,54951.00000000000
17031283800,359,37806.00000000000
17031290900,360,174147.00000000000
17031291200,361,45911.00000000000
17031291600,362,26068.00000000000
17031292200,363,73711.00000000000
17031292400,364,51847.00000000000
17031292500,365,104669.00000000000
17031300500,366,51361.00000000000
17031300600,367,73319.00000000000
17031300700,368,73098.00000000000
17031300800,369,54132.00000000000
17031300900,370,52394.00000000000
17031301100,371,43698.00000000000
17031301200,372,79711.00000000000
17031301600,373,71322.00000000000
17031301701,374,60583.00000000000
17031301702,375,76784.00000000000
17031301801,376,89703.00000000000
17031301802,377,70585.00000000000
17031301803,378,74035.00000000000
17031310200,379,32993.00000000000
17031310300,380,33008.00000000000
17031310400,381,8440.00000000000
17031310500,382,18433.00000000000
17031310600,383,31998.00000000000
17031310700,384,8943.00000000000
17031310800,385,30513.00000000000
17031310900,386,57634.00000000000
17031320100,387,107367.00000000000
17031320400,388,146027.00000000000
17031320600,389,73015.00000000000
17031330100,390,193573.00000000000
17031330200,391,103941.00000000000
17031340300,392,22249.00000000000
17031340400,393,20367.00000000000
17031340500,394,48283.00000000000
17031340600,395,31142.00000000000
17031350100,396,104983.00000000000
17031350400,397,36708.00000000000
17031351000,398,225789.00000000000
17031351100,399,51348.00000000000
17031351400,400,49050.00000000000
17031351500,401,11084.00000000000
17031360200,402,28838.00000000000
17031380100,403,83136.00000000000
17031380200,404,44358.00000000000
17031380500,405,39408.00000000000
17031380700,406,36991.00000000000
17031381200,407,37147.00000000000
17031381400,408,36055.00000000000
17031381500,409,10549.00000000000
17031381700,410,18967.00000000000
17031381800,411,51564.00000000000
17031381900,412,20209.00000000000
17031390100,413,92481.00000000000
17031390200,414,52676.00000000000
17031390300,415,53587.00000000000
17031390400,416,78476.00000000000
17031390500,417,135370.00000000000
17031390600,418,127791.00000000000
17031390700,419,133860.00000000000
17031400300,420,360315.00000000000
17031400400,421,35844.00000000000
17031400500,422,48023.00000000000
17031400800,423,50129.00000000000
17031410100,424,52968.00000000000
17031410200,425,22640.00000000000
17031410500,426,50536.00000000000
17031410600,427,83152.00000000000
17031410700,428,80492.00000000000
17031410800,429,57098.00000000000
17031410900,430,93225.00000000000
17031411000,431,195066.00000000000
17031411100,432,90810.00000000000
17031411200,433,121005.00000000000
17031420100,434,205972.00000000000
17031420200,435,37725.00000000000
17031420300,436,36680.00000000000
17031420400,437,34360.00000000000
17031420500,438,38695.00000000000
17031420600,439,40526.00000000000
17031420700,440,147177.00000000000
17031420800,441,50073.00000000000
17031421200,442,62787.00000000000
17031430101,443,50165.00000000000
17031430102,444,99217.00000000000
17031430200,445,190226.00000000000
17031430300,446,79860.00000000000
17031430400,447,118535.00000000000
17031430500,448,56151.00000000000
17031430600,449,76568.00000000000
17031430700,450,28986.00000000000
17031430800,451,76478.00000000000
17031430900,452,78776.00000000000
17031431200,453,179158.00000000000
17031431301,454,97696.00000000000
17031431302,455,83620.00000000000
17031431400,456,216132.00000000000
17031440101,457,70611.00000000000
17031440102,458,150931.00000000000
17031440201,459,93128.00000000000
17031440202,460,202583.00000000000
17031440300,461,301200.00000000000
17031440600,462,141565.00000000000
17031440700,463,65582.00000000000
17031440800,464,59500.00000000000
17031440900,465,185400.00000000000
17031450300,466,228971.00000000000
17031460100,467,230030.00000000000
17031460200,468,149667.00000000000
17031460301,469,127657.00000000000
17031460302,470,176049.00000000000
17031460400,471,163286.00000000000
17031460500,472,351368.00000000000
17031460600,473,59526.00000000000
17031460700,474,95664.00000000000
17031461000,475,35727.00000000000
17031470100,476,342843.00000000000
17031480100,477,131602.00000000000
17031480200,478,55430.00000000000
17031480300,479,103034.00000000000
17031480400,480,331498.00000000000
17031480500,481,246241.00000000000
17031490300,482,133496.00000000000
17031490400,483,50254.00000000000
17031490500,484,245332.00000000000
17031490600,485,98859.00000000000
17031490700,486,155813.00000000000
17031490800,487,173918.00000000000
17031490901,488,153573.00000000000
17031490902,489,254380.00000000000
17031491000,490,357403.00000000000
17031491100,491,314941.00000000000
17031491200,492,164162.00000000000
17031491300,493,186807.00000000000
17031491400,494,157718.00000000000
17031500100,495,410930.00000000000
17031500200,496,337329.00000000000
17031500300,497,127549.00000000000
17031510100,498,261840.00000000000
17031510200,499,310924.00000000000
17031510300,500,784148.00000000000
17031520100,501,389497.00000000000
17031520200,502,117179.00000000000
17031520300,503,166234.00000000000
17031520400,504,111231.00000000000
17031520500,505,183960.00000000000
17031520600,506,193902.00000000000
17031530100,507,133106.00000000000
17031530200,508,441076.00000000000
17031530300,509,339320.00000000000
17031530400,510,237876.00000000000
17031530501,511,418835.00000000000
17031530502,512,238390.00000000000
17031530503,513,481374.00000000000
17031530600,514,241126.00000000000
17031540101,515,1157475.00000000000
17031540102,516,659267.00000000000
17031550100,517,1615755.00000000000
17031550200,518,814494.00000000000
17031560100,519,92440.00000000000
17031560200,520,180574.00000000000
17031560300,521,121986.00000000000
17031560400,522,40734.00000000000
17031560700,523,67347.00000000000
17031560800,524,188913.00000000000
17031560900,525,262632.00000000000
17031561000,526,221594.00000000000
17031561100,527,207971.00000000000
17031570100,528,57773.00000000000
17031570200,529,112033.00000000000
17031570300,530,119886.00000000000
17031570400,531,54642.00000000000
17031570500,532,48982.00000000000
17031580100,533,77218.00000000000
17031580200,534,93260.00000000000
17031580300,535,53924.00000000000
17031580400,536,75251.00000000000
17031580501,537,74411.00000000000
17031580502,538,82810.00000000000
17031580600,539,77748.00000000000
17031580700,540,108739.00000000000
17031580800,541,31295.00000000000
17031590500,542,161520.00000000000
17031590600,543,66110.00000000000
17031590700,544,67204.00000000000
17031600400,545,36396.00000000000
17031600600,546,41449.00000000000
17031600700,547,32538.00000000000
17031600900,548,37928.00000000000
17031610300,549,155350.00000000000
17031610400,550,15868.00000000000
17031610800,551,51096.00000000000
17031611000,552,123243.00000000000
17031611100,553,93666.00000000000
17031611200,554,84882.00000000000
17031611300,555,62575.00000000000
17031611400,556,61590.00000000000
17031611500,557,69487.00000000000
17031611600,558,84020.00000000000
17031611700,559,99246.00000000000
17031611800,560,77390.00000000000
17031611900,561,212048.00000000000
17031612000,562,114979.00000000000
17031612100,563,113732.00000000000
17031620100,564,114598.00000000000
17031620200,565,70880.00000000000
17031620300,566,150350.00000000000
17031620400,567,86405.00000000000
17031630100,568,80196.00000000000
17031630200,569,51773.00000000000
17031630300,570,119749.00000000000
17031630400,571,100034.00000000000
17031630500,572,111615.00000000000
17031630800,573,79562.00000000000
17031630900,574,102119.00000000000
17031640100,575,35911.00000000000
17031640300,576,175559.00000000000
17031640400,577,122521.00000000000
17031640500,578,74110.00000000000
17031640600,579,57773.00000000000
17031640700,580,101161.00000000000
17031640800,581,36238.00000000000
17031650100,582,108944.00000000000
17031650200,583,146509.00000000000
17031650301,584,148626.00000000000
17031650302,585,116532.00000000000
17031650400,586,146072.00000000000
17031650500,587,153463.00000000000
17031660301,588,21489.00000000000
17031660302,589,73795.00000000000
17031660400,590,112396.00000000000
17031660500,591,148918.00000000000
17031660600,592,120159.00000000000
17031660700,593,106077.00000000000
17031660800,594,116496.00000000000
17031660900,595,467055.00000000000
17031661000,596,215055.00000000000
17031661100,597,199025.00000000000
17031670100,598,106764.00000000000
17031670200,599,95650.00000000000
17031670300,600,103737.00000000000
17031670400,601,96257.00000000000
17031670500,602,109337.00000000000
17031670600,603,112079.00000000000
17031670700,604,105402.00000000000
17031670800,605,70003.00000000000
17031670900,606,81392.00000000000
17031671100,607,58548.00000000000
17031671200,608,61115.00000000000
17031671300,609,134833.00000000000
17031671400,610,146554.00000000000
17031671500,611,171918.00000000000
17031671600,612,97379.00000000000
17031671800,613,76209.00000000000
17031671900,614,56628.00000000000
17031672000,615,236832.00000000000
17031680500,616,115878.00000000000
17031680600,617,91666.00000000000
17031680900,618,173979.00000000000
17031681000,619,147546.00000000000
17031681100,620,143432.00000000000
17031681200,621,193368.00000000000
17031681300,622,192552.00000000000
17031681400,623,147340.00000000000
17031690300,624,67600.00000000000
17031690400,625,133292.00000000000
17031690500,626,33976.00000000000
17031690900,627,133473.00000000000
17031691000,628,156364.00000000000
17031691100,629,117654.00000000000
17031691200,630,146847.00000000000
17031691300,631,164864.00000000000
17031691400,632,143996.00000000000
17031691500,633,161212.00000000000
17031700100,634,173406.00000000000
17031700200,635,184213.00000000000
17031700301,636,185404.00000000000
17031700302,637,163141.00000000000
17031700401,638,296354.00000000000
17031700402,639,231608.00000000000
17031700501,640,347105.00000000000
17031700502,641,479653.00000000000
17031710100,642,43586.00000000000
17031710200,643,152093.00000000000
17031710300,644,53525.00000000000
17031710400,645,213283.00000000000
17031710500,646,104958.00000000000
17031710600,647,37482.00000000000
17031710700,648,67304.00000000000
17031710800,649,121246.00000000000
17031710900,650,178831.00000000000
17031711000,651,155750.00000000000
17031711100,652,117222.00000000000
17031711200,653,216111.00000000000
17031711300,654,74863.00000000000
17031711400,655,145160.00000000000
17031711500,656,155824.00000000000
17031720100,657,1037471.00000000000
17031720200,658,806117.00000000000
17031720300,659,490186.00000000000
17031720400,660,191091.00000000000
17031720500,661,348267.00000000000
17031720600,662,245855.00000000000
17031720700,663,523700.00000000000
17031730100,664,136178.00000000000
17031730201,665,205545.00000000000
17031730202,666,142272.00000000000
17031730300,667,49971.00000000000
17031730400,668,330915.00000000000
17031730500,669,300658.00000000000
17031730600,670,255326.00000000000
17031730700,671,240403.00000000000
17031740100,672,194994.00000000000
17031740200,673,396268.00000000000
17031740300,674,277650.00000000000
17031740400,675,459497.00000000000
17031750100,676,291071.00000000000
17031750200,677,595072.00000000000
17031750300,678,227121.00000000000
17031750400,679,274875.00000000000
17031750500,680,692606.00000000000
17031750600,681,334162.00000000000
17031760801,682,306342.00000000000
17031760802,683,4268322.00000000000
17031760803,684,304601.00000000000
17031770201,685,740469.00000000000
17031770202,686,3851922.00000000000
17031770300,687,6456129.00000000000
17031770400,688,973161.00000000000
17031770500,689,605253.00000000000
17031770601,690,648606.00000000000
17031770602,691,755915.00000000000
17031770700,692,618581.00000000000
17031770800,693,1256491.00000000000
17031770901,694,216805.00000000000
17031770902,695,192155.00000000000
17031800100,696,1729335.00000000000
17031800200,697,3892754.00000000000
17031800300,698,1819562.00000000000
17031800400,699,1646784.00000000000
17031800500,700,1722950.00000000000
17031800600,701,770116.00000000000
17031800700,702,1667115.00000000000
17031800800,703,2310186.00000000000
17031800900,704,847357.00000000000
17031801000,705,1007990.00000000000
17031801100,706,894705.00000000000
17031801200,707,1028341.00000000000
17031801300,708,1028346.00000000000
17031801400,709,758396.00000000000
17031801500,710,4778185.00000000000
17031801601,711,1554250.00000000000
17031801603,712,4695877.00000000000
17031801605,713,1531579.00000000000
17031801606,714,2640893.00000000000
17031801607,715,1887609.00000000000
17031801608,716,1709060.00000000000
17031801701,717,1041926.00000000000
17031801702,718,1144967.00000000000
17031801800,719,5254247.00000000000
17031801901,720,987110.00000000000
17031801902,721,1711525.00000000000
17031802002,722,1318614.00000000000
17031802003,723,628160.00000000000
17031802004,724,271164.00000000000
17031802100,725,869112.00000000000
17031802200,726,2267985.00000000000
17031802300,727,382754.00000000000
17031802402,728,2683195.00000000000
17031802403,729,194257.00000000000
17031802404,730,629625.00000000000
17031802503,731,765309.00000000000
17031802504,732,949280.00000000000
17031802505,733,641867.00000000000
17031802506,734,2758141.00000000000
17031802605,735,1692586.00000000000
17031802607,736,989160.00000000000
17031802608,737,1598518.00000000000
17031802609,738,156400.00000000000
17031802610,739,641915.00000000000
17031802701,740,1100322.00000000000
17031802702,741,1840118.00000000000
17031802801,742,1145162.00000000000
17031802802,743,1245302.00000000000
17031802900,744,1921691.00000000000
17031803005,745,767430.00000000000
17031803007,746,924797.00000000000
17031803008,747,919011.00000000000
17031803010,748,1037338.00000000000
17031803012,749,244797.00000000000
17031803013,750,738721.00000000000
17031803014,751,409188.00000000000
17031803015,752,1097607.00000000000
17031803016,753,289942.00000000000
17031803017,754,940419.00000000000
17031803100,755,749502.00000000000
17031803200,756,1121076.00000000000
17031803300,757,719377.00000000000
17031803400,758,1334391.00000000000
17031803500,759,1172747.00000000000
17031803603,760,3987811.00000000000
17031803604,761,813135.00000000000
17031803605,762,997254.00000000000
17031803606,763,288403.00000000000
17031803607,764,1071618.00000000000
17031803608,765,8515933.00000000000
17031803610,766,1245441.00000000000
17031803611,767,347394.00000000000
17031803612,768,160252.00000000000
17031803701,769,362743.00000000000
17031803702,770,1291506.00000000000
17031803800,771,1217863.00000000000
17031803901,772,1092568.00000000000
17031803902,773,922698.00000000000
17031804000,774,925551.00000000000
17031804102,775,2912493.00000000000
17031804104,776,957924.00000000000
17031804105,777,4299083.00000000000
17031804106,778,1451477.00000000000
17031804108,779,506854.00000000000
17031804109,780,1338872.00000000000
17031804201,781,31623262.00000000000
17031804202,782,3389644.00000000000
17031804305,783,802862.00000000000
17031804306,784,903986.00000000000
17031804308,785,451120.00000000000
17031804309,786,402380.00000000000
17031804310,787,4483621.00000000000
17031804311,788,3343392.00000000000
17031804403,789,1364482.00000000000
17031804404,790,1132983.00000000000
17031804405,791,487779.00000000000
17031804406,792,2613416.00000000000
17031804505,793,726379.00000000000
17031804506,794,1889978.00000000000
17031804507,795,2787107.00000000000
17031804508,796,278484.00000000000
17031804509,797,575367.00000000000
17031804510,798,544715.00000000000
17031804511,799,190543.00000000000
17031804603,800,1635397.00000000000
17031804606,801,1136784.00000000000
17031804607,802,1005511.00000000000
17031804608,803,756135.00000000000
17031804609,804,903971.00000000000
17031804610,805,549701.00000000000
17031804611,806,800012.00000000000
17031804701,807,3412512.00000000000
17031804705,808,540629.00000000000
17031804706,809,546572.00000000000
17031804709,810,953669.00000000000
17031804710,811,715491.00000000000
17031804711,812,483896.00000000000
17031804712,813,714220.00000000000
17031804713,814,634489.00000000000
17031804714,815,716504.00000000000
17031804715,816,230275.00000000000
17031804716,817,535735.00000000000
17031804803,818,1266168.00000000000
17031804804,819,967122.00000000000
17031804805,820,1165693.00000000000
17031804806,821,354957.00000000000
17031804807,822,987562.00000000000
17031804808,823,661333.00000000000
17031804809,824,803175.00000000000
17031804810,825,976119.00000000000
17031804901,826,1082524.00000000000
17031804902,827,919072.00000000000
17031805001,828,1323226.00000000000
17031805002,829,475684.00000000000
17031805105,830,570497.00000000000
17031805106,831,486612.00000000000
17031805107,832,531419.00000000000
17031805108,833,384836.00000000000
17031805109,834,912031.00000000000
17031805110,835,728222.00000000000
17031805111,836,625618.00000000000
17031805112,837,549632.00000000000
17031805201,838,580336.00000000000
17031805202,839,588737.00000000000
17031805301,840,214323.00000000000
17031805302,841,440049.00000000000
17031805401,842,532339.00000000000
17031805402,843,461032.00000000000
17031805501,844,599618.00000000000
17031805502,845,726250.00000000000
17031805600,846,792218.00000000000
17031805701,847,1473460.00000000000
17031805702,848,1050992.00000000000
17031805801,849,1146830.00000000000
17031805802,850,638578.00000000000
17031805901,851,1756829.00000000000
17031805902,852,817153.00000000000
17031806001,853,406186.00000000000
17031806002,854,993684.00000000000
17031806003,855,245170.00000000000
17031806004,856,435807.00000000000
17031806102,857,970361.00000000000
17031806103,858,891844.00000000000
17031806104,859,1886534.00000000000
17031806201,860,113832.00000000000
17031806202,861,398546.00000000000
17031806300,862,879825.00000000000
17031806400,863,519549.00000000000
17031806501,864,240946.00000000000
17031806502,865,940126.00000000000
17031806600,866,1021887.00000000000
17031806700,867,753980.00000000000
17031806801,868,630781.00000000000
17031806802,869,307119.00000000000
17031806900,870,657383.00000000000
17031807000,871,307176.00000000000
17031807100,872,605777.00000000000
17031807200,873,836265.00000000000
17031807300,874,455694.00000000000
17031807400,875,419256.00000000000
17031807500,876,287989.00000000000
17031807600,877,857747.00000000000
17031807700,878,453584.00000000000
17031807800,879,448961.00000000000
17031807900,880,738392.00000000000
17031808001,881,646006.00000000000
17031808002,882,588965.00000000000
17031808100,883,1108436.00000000000
17031808200,884,501717.00000000000
17031808301,885,1327980.00000000000
17031808302,886,445390.00000000000
17031808400,887,1015380.00000000000
17031808500,888,1018689.00000000000
17031808600,889,2153995.00000000000
17031808702,890,247546.00000000000
17031808800,891,886926.00000000000
17031808900,892,659436.00000000000
17031809000,893,750613.00000000000
17031809100,894,660652.00000000000
17031809200,895,354779.00000000000
17031809300,896,430484.00000000000
17031809400,897,286951.00000000000
17031809500,898,222425.00000000000
17031809600,899,415184.00000000000
17031809700,900,435542.00000000000
17031809800,901,281811.00000000000
17031809900,902,298497.00000000000
17031810000,903,299393.00000000000
17031810100,904,250880.00000000000
17031810200,905,262672.00000000000
17031810301,906,463424.00000000000
17031810302,907,302318.00000000000
17031810400,908,686737.00000000000
17031810501,909,453488.00000000000
17031810502,910,176640.00000000000
17031810600,911,325824.00000000000
17031810701,912,106314.00000000000
17031810702,913,98300.00000000000
17031810800,914,230750.00000000000
17031810900,915,218496.00000000000
17031811000,916,526628.00000000000
17031811100,917,1340252.00000000000
17031811200,918,945503.00000000000
17031811301,919,611226.00000000000
17031811302,920,445507.00000000000
17031811401,921,354201.00000000000
17031811402,922,374579.00000000000
17031811500,923,534001.00000000000
17031811600,924,501539.00000000000
17031811701,925,693650.00000000000
17031811702,926,651178.00000000000
17031811800,927,681425.00000000000
17031811900,928,2041664.00000000000
17031812000,929,1561612.00000000000
17031812100,930,400269.00000000000
17031812200,931,550069.00000000000
17031812301,932,140607.00000000000
17031812302,933,315762.00000000000
17031812400,934,733661.00000000000
17031812500,935,367327.00000000000
17031812600,936,236681.00000000000
17031812700,937,262511.00000000000
17031812801,938,81907.00000000000
17031812802,939,134962.00000000000
17031812900,940,438811.00000000000
17031813000,941,318056.00000000000
17031813100,942,298689.00000000000
17031813200,943,388232.00000000000
17031813301,944,54992.00000000000
17031813302,945,52580.00000000000
17031813400,946,148787.00000000000
17031813500,947,142221.00000000000
17031813600,948,76062.00000000000
17031813701,949,53014.00000000000
17031813702,950,43804.00000000000
17031813801,951,67351.00000000000
17031813802,952,88062.00000000000
17031813900,953,110214.00000000000
17031814000,954,109518.00000000000
17031814100,955,65521.00000000000
17031814200,956,198331.00000000000
17031814300,957,110427.00000000000
17031814400,958,275684.00000000000
17031814500,959,170175.00000000000
17031814600,960,188006.00000000000
17031814700,961,193887.00000000000
17031814800,962,228094.00000000000
17031814900,963,89946.00000000000
17031815000,964,91268.00000000000
17031815100,965,118745.00000000000
17031815200,966,291858.00000000000
17031815300,967,181589.00000000000
17031815400,968,389396.00000000000
17031815500,969,320928.00000000000
17031815600,970,1019649.00000000000
17031815701,971,819460.00000000000
17031815702,972,1787015.00000000000
17031815800,973,1011387.00000000000
17031815900,974,127313.00000000000
17031816000,975,365052.00000000000
17031816100,976,1636053.00000000000
17031816200,977,412827.00000000000
17031816300,978,160966.00000000000
17031816401,979,126886.00000000000
17031816402,980,234692.00000000000
17031816500,981,260747.00000000000
17031816600,982,162534.00000000000
17031816700,983,266177.00000000000
17031816800,984,839793.00000000000
17031816900,985,483996.00000000000
17031817000,986,509887.00000000000
17031817101,987,273040.00000000000
17031817102,988,289627.00000000000
17031817200,989,268338.00000000000
17031817300,990,182440.00000000000
17031817400,991,438936.00000000000
17031817500,992,461222.00000000000
17031817600,993,326188.00000000000
17031817700,994,417770.00000000000
17031817900,995,666361.00000000000
17031818000,996,839128.00000000000
17031818100,997,545857.00000000000
17031818200,998,663568.00000000000
17031818300,999,756855.00000000000
17031818401,1000,1338692.00000000000
17031818402,1001,376670.00000000000
17031818500,1002,1824944.00000000000
17031818600,1003,1083380.00000000000
17031818700,1004,699339.00000000000
17031818800,1005,629857.00000000000
17031818900,1006,528402.00000000000
17031819000,1007,4546562.00000000000
17031819100,1008,1366820.00000000000
17031819200,1009,667574.00000000000
17031819300,1010,292753.00000000000
17031819400,1011,410598.00000000000
17031819500,1012,331367.00000000000
17031819600,1013,655559.00000000000
17031819700,1014,1174551.00000000000
17031819801,1015,1124819.00000000000
17031819802,1016,653322.00000000000
17031819900,1017,853092.00000000000
17031820000,1018,885873.00000000000
17031820101,1019,2695537.00000000000
17031820103,1020,896227.00000000000
17031820104,1021,1037347.00000000000
17031820201,1022,5774224.00000000000
17031820202,1023,3562255.00000000000
17031820300,1024,286336.00000000000
17031820400,1025,451056.00000000000
17031820501,1026,1246917.00000000000
17031820502,1027,417132.00000000000
17031820603,1028,875973.00000000000
17031820604,1029,535919.00000000000
17031820605,1030,373117.00000000000
17031820606,1031,1657240.00000000000
17031820700,1032,865761.00000000000
17031820800,1033,626506.00000000000
17031820901,1034,567600.00000000000
17031820902,1035,190427.00000000000
17031821001,1036,347480.00000000000
17031821002,1037,412280.00000000000
17031821101,1038,368105.00000000000
17031821102,1039,456842.00000000000
17031821200,1040,469582.00000000000
17031821300,1041,437263.00000000000
17031821401,1042,168773.00000000000
17031821402,1043,397082.00000000000
17031821500,1044,1117508.00000000000
17031821600,1045,912562.00000000000
17031821700,1046,375419.00000000000
17031821800,1047,479262.00000000000
17031821900,1048,390649.00000000000
17031822000,1049,216596.00000000000
17031822101,1050,487772.00000000000
17031822102,1051,298816.00000000000
17031822200,1052,365110.00000000000
17031822301,1053,276645.00000000000
17031822302,1054,279594.00000000000
17031822400,1055,461396.00000000000
17031822500,1056,434306.00000000000
17031822601,1057,395920.00000000000
17031822602,1058,430513.00000000000
17031822701,1059,253924.00000000000
17031822702,1060,277542.00000000000
17031822801,1061,193882.00000000000
17031822802,1062,334010.00000000000
17031822900,1063,158710.00000000000
17031823001,1064,497937.00000000000
17031823002,1065,398473.00000000000
17031823101,1066,459812.00000000000
17031823102,1067,886141.00000000000
17031823200,1068,1228136.00000000000
17031823302,1069,1055390.00000000000
17031823303,1070,484392.00000000000
17031823304,1071,1077887.00000000000
17031823400,1072,1053683.00000000000
17031823500,1073,328514.00000000000
17031823602,1074,1559455.00000000000
17031823603,1075,627121.00000000000
17031823604,1076,1480020.00000000000
17031823605,1077,1163161.00000000000
17031823702,1078,1435891.00000000000
17031823703,1079,583877.00000000000
17031823704,1080,501600.00000000000
17031823705,1081,590888.00000000000
17031823801,1082,31506564.00000000000
17031823803,1083,1552709.00000000000
17031823805,1084,588647.00000000000
17031823806,1085,794927.00000000000
17031823901,1086,6800519.00000000000
17031823903,1087,2458103.00000000000
17031823904,1088,1632696.00000000000
17031824003,1089,898188.00000000000
17031824004,1090,9778910.00000000000
17031824005,1091,3415768.00000000000
17031824006,1092,5071640.00000000000
17031824105,1093,813571.00000000000
17031824106,1094,3264751.00000000000
17031824107,1095,631117.00000000000
17031824108,1096,548571.00000000000
17031824113,1097,1787208.00000000000
17031824114,1098,1458824.00000000000
17031824115,1099,568702.00000000000
17031824116,1100,3043695.00000000000
17031824117,1101,560901.00000000000
17031824119,1102,1049378.00000000000
17031824120,1103,2031214.00000000000
17031824121,1104,355985.00000000000
17031824122,1105,431292.00000000000
17031824123,1106,655096.00000000000
17031824300,1107,1193183.00000000000
17031824400,1108,561613.00000000000
17031824503,1109,6735846.00000000000
17031824505,1110,656062.00000000000
17031824506,1111,2502982.00000000000
17031824507,1112,1995653.00000000000
17031824601,1113,1179279.00000000000
17031824602,1114,1271842.00000000000
17031824701,1115,571026.00000000000
17031824702,1116,701671.00000000000
17031824800,1117,1234894.00000000000
17031824900,1118,1818779.00000000000
17031825000,1119,2903451.00000000000
17031825200,1120,564730.00000000000
17031825302,1121,2462414.00000000000
17031825303,1122,619228.00000000000
17031825304,1123,426717.00000000000
17031825400,1124,2168798.00000000000
17031825501,1125,954487.00000000000
17031825503,1126,1801333.00000000000
17031825504,1127,764199.00000000000
17031825505,1128,1719927.00000000000
17031825600,1129,1857458.00000000000
17031825700,1130,1054734.00000000000
17031825801,1131,306955.00000000000
17031825802,1132,181722.00000000000
17031825803,1133,206642.00000000000
17031825900,1134,262472.00000000000
17031826000,1135,377866.00000000000
17031826100,1136,1262906.00000000000
17031826201,1137,2935082.00000000000
17031826202,1138,564772.00000000000
17031826301,1139,520248.00000000000
17031826303,1140,408109.00000000000
17031826304,1141,378919.00000000000
17031826401,1142,769496.00000000000
17031826402,1143,638917.00000000000
17031826500,1144,911886.00000000000
17031826600,1145,433833.00000000000
17031826700,1146,297158.00000000000
17031826800,1147,2389951.00000000000
17031826901,1148,285408.00000000000
17031826902,1149,217785.00000000000
17031827000,1150,576921.00000000000
17031827100,1151,404077.00000000000
17031827200,1152,858118.00000000000
17031827300,1153,308317.00000000000
17031827400,1154,789901.00000000000
17031827500,1155,1059301.00000000000
17031827600,1156,543132.00000000000
17031827700,1157,569894.00000000000
17031827801,1158,733141.00000000000
17031827802,1159,477321.00000000000
17031827804,1160,341948.00000000000
17031827805,1161,714992.00000000000
17031827901,1162,797352.00000000000
17031827902,1163,863287.00000000000
17031828000,1164,527280.00000000000
17031828100,1165,654571.00000000000
17031828201,1166,928363.00000000000
17031828202,1167,475501.00000000000
17031828300,1168,4390779.00000000000
17031828401,1169,1259473.00000000000
17031828402,1170,1183676.00000000000
17031828503,1171,940704.00000000000
17031828504,1172,3839022.00000000000
17031828505,1173,3812881.00000000000
17031828506,1174,1131346.00000000000
17031828601,1175,1375406.00000000000
17031828602,1176,1073301.00000000000
17031828701,1177,3402870.00000000000
17031828702,1178,4430655.00000000000
17031828801,1179,1912469.00000000000
17031828802,1180,463864.00000000000
17031828900,1181,1039964.00000000000
17031829000,1182,307260.00000000000
17031829100,1183,632016.00000000000
17031829200,1184,985436.00000000000
17031829301,1185,1186020.00000000000
17031829302,1186,540099.00000000000
17031829401,1187,519609.00000000000
17031829402,1188,3939449.00000000000
17031829500,1189,1466728.00000000000
17031829600,1190,361786.00000000000
17031829700,1191,3488009.00000000000
17031829800,1192,2350931.00000000000
17031829901,1193,3111871.00000000000
17031829902,1194,4799153.00000000000
17031830001,1195,391640.00000000000
17031830003,1196,768822.00000000000
17031830004,1197,1989121.00000000000
17031830005,1198,2434080.00000000000
17031830006,1199,1043540.00000000000
17031830007,1200,1000708.00000000000
17031830008,1201,1022006.00000000000
17031830100,1202,785688.00000000000
17031830201,1203,795978.00000000000
17031830202,1204,937935.00000000000
17031830300,1205,648789.00000000000
17031830400,1206,1172702.00000000000
17031830500,1207,355916.00000000000
17031830600,1208,114642.00000000000
17031830700,1209,230196.00000000000
17031830800,1210,60259.00000000000
17031830900,1211,106802.00000000000
17031831000,1212,50380.00000000000
17031831100,1213,183440.00000000000
17031831200,1214,93409.00000000000
17031831300,1215,55593.00000000000
17031831400,1216,178517.00000000000
17031831500,1217,100717.00000000000
17031831600,1218,291090.00000000000
17031831700,1219,79926.00000000000
17031831800,1220,526063.00000000000
17031831900,1221,69757.00000000000
17031832000,1222,20471.00000000000
17031832100,1223,34431.00000000000
17031832200,1224,74621.00000000000
17031832300,1225,78848.00000000000
17031832400,1226,54715.00000000000
17031832500,1227,106987.00000000000
17031832600,1228,88769.00000000000
17031832900,1229,111683.00000000000
17031833000,1230,81517.00000000000
17031833100,1231,94095.00000000000
17031833300,1232,105209.00000000000
17031833900,1233,155922.00000000000
17031834000,1234,217051.00000000000
17031834200,1235,182776.00000000000
17031834300,1236,467431.00000000000
17031834400,1237,98682.00000000000
17031834500,1238,63559.00000000000
17031834600,1239,314849.00000000000
17031834700,1240,177262.00000000000
17031834800,1241,136775.00000000000
17031834900,1242,194190.00000000000
17031835000,1243,118608.00000000000
17031835100,1244,165217.00000000000
17031835200,1245,70652.00000000000
17031835500,1246,116733.00000000000
17031835600,1247,83608.00000000000
17031835700,1248,12788.00000000000
17031835800,1249,34655.00000000000
17031835900,1250,99731.00000000000
17031836000,1251,71176.00000000000
17031836100,1252,161910.00000000000
17031836200,1253,186097.00000000000
17031836300,1254,31834.00000000000
17031836400,1255,134797.00000000000
17031836500,1256,85787.00000000000
17031836600,1257,80360.00000000000
17031836700,1258,137498.00000000000
17031836800,1259,219128.00000000000
17031836900,1260,16235.00000000000
17031837000,1261,63937.00000000000
17031837100,1262,85601.00000000000
17031837300,1263,62698.00000000000
17031837400,1264,55664.00000000000
17031837800,1265,90030.00000000000
17031838000,1266,91711.00000000000
17031838100,1267,79777.00000000000
17031838200,1268,165974.00000000000
17031838300,1269,36097.00000000000
17031838600,1270,51733.00000000000
17031838700,1271,115826.00000000000
17031838800,1272,1843665.00000000000
17031839000,1273,67836.00000000000
17031839100,1274,25201.00000000000
17031839200,1275,123707.00000000000
17031839500,1276,53012.00000000000
17031839600,1277,51782.00000000000
17031839700,1278,86580.00000000000
17031839800,1279,31113.00000000000
17031839900,1280,117335.00000000000
17031840000,1281,48122.00000000000
17031840100,1282,34667.00000000000
17031840200,1283,57511.00000000000
17031840300,1284,128638.00000000000
17031840400,1285,94462.00000000000
17031840700,1286,85899.00000000000
17031840800,1287,59722.00000000000
17031841000,1288,75706.00000000000
17031841100,1289,87779.00000000000
17031841200,1290,60949.00000000000
17031841300,1291,128965.00000000000
17031841400,1292,38751.00000000000
17031841500,1293,79307.00000000000
17031841600,1294,37280.00000000000
17031841700,1295,52691.00000000000
17031841800,1296,425184.00000000000
17031841900,1297,168759.00000000000
17031842000,1298,120206.00000000000
17031842100,1299,277037.00000000000
17031842200,1300,91652.00000000000
17031842300,1301,106049.00000000000
17031842400,1302,279076.00000000000
17031842500,1303,68618.00000000000
17031842600,1304,292923.00000000000
17031842800,1305,145735.00000000000
17031842900,1306,180994.00000000000
17031843000,1307,108128.00000000000
17031843100,1308,310547.00000000000
17031843200,1309,110523.00000000000
17031843300,1310,88610.00000000000
17031843400,1311,67493.00000000000
17031843500,1312,226635.00000000000
17031843600,1313,62393.00000000000
17031843700,1314,185118.00000000000
17031843800,1315,162920.00000000000
17031843900,1316,397736.00000000000
17031980000,1317,197444.00000000000
17031980100,1318,18282.00000000000
